Station,StationUniqueId,Id,Type,IsAccessible,HasBabyChanging,IsInsideGateLine,Location,IsFeeCharged,IsManagedByTfL,AskStaff,RadarKey,OpeningHours,OpensWithStation,ClosesWithStation,MonOpening1,MonClosing1,MonOpening2,MonClosing2,TueOpening1,TueClosing1,TueOpening2,TueClosing2,WedOpening1,WedClosing1,WedOpening2,WedClosing2,ThuOpening1,ThuClosing1,ThuOpening2,ThuClosing2,FriOpening1,FriClosing1,FriOpening2,FriClosing2,SatOpening1,SatClosing1,SatOpening2,SatClosing2,SunOpening1,SunClosing1,SunOpening2,SunClosing2,BankHolidayOpening1,BankHolidayClosing1,BankHolidayOpening2,BankHolidayClosing2
,910GACTONML,1,Unisex,TRUE,FALSE,TRUE,Located in ticket hall,FALSE,TRUE,,,,,,,,,,,,,,,,,,,,,,,,,,,,,,,,,,,,,
,910GBHILLPK,1,Male,FALSE,FALSE,TRUE,,FALSE,TRUE,,,,,,,,,,,,,,,,,,,,,,,,,,,,,,,,,,,,,
,910GBHILLPK,2,Female,FALSE,FALSE,TRUE,,FALSE,TRUE,,,,,,,,,,,,,,,,,,,,,,,,,,,,,,,,,,,,,
,910GBHILLPK,3,Unisex,TRUE,TRUE,TRUE,,FALSE,TRUE,,,,,,,,,,,,,,,,,,,,,,,,,,,,,,,,,,,,,
,910GBNHAM,1,Male,FALSE,FALSE,TRUE,Located on platform 2,FALSE,TRUE,,,,,,,,,,,,,,,,,,,,,,,,,,,,,,,,,,,,,
,910GBNHAM,2,Female,FALSE,FALSE,TRUE,Located on platform 2,FALSE,TRUE,,,,,,,,,,,,,,,,,,,,,,,,,,,,,,,,,,,,,
,910GBNHAM,3,Unisex,TRUE,TRUE,TRUE,Located on platform 2,FALSE,TRUE,,,,,,,,,,,,,,,,,,,,,,,,,,,,,,,,,,,,,
,910GBRTWOOD,1,Male,FALSE,FALSE,TRUE,"Located on platforms 2,3,4",FALSE,TRUE,,,,,,,,,,,,,,,,,,,,,,,,,,,,,,,,,,,,,
,910GBRTWOOD,2,Female,FALSE,TRUE,TRUE,"Located on platforms 2,3,4",FALSE,TRUE,,,,,,,,,,,,,,,,,,,,,,,,,,,,,,,,,,,,,
,910GBRTWOOD,3,Unisex,TRUE,FALSE,TRUE,"Located on platforms 2,3,4",FALSE,TRUE,,,,,,,,,,,,,,,,,,,,,,,,,,,,,,,,,,,,,
,910GCHDWLHT,1,Unisex,TRUE,FALSE,TRUE,Located in ticket hall,FALSE,TRUE,,,,,,,,,,,,,,,,,,,,,,,,,,,,,,,,,,,,,
,910GCHESHNT,1,Male,FALSE,FALSE,FALSE,Located in ticket hall,FALSE,FALSE,,,,,,,,,,,,,,,,,,,,,,,,,,,,,,,,,,,,,
,910GCHESHNT,2,Female,FALSE,FALSE,FALSE,Located in ticket hall,FALSE,FALSE,,,,,,,,,,,,,,,,,,,,,,,,,,,,,,,,,,,,,
,910GCHESHNT,3,Unisex,TRUE,FALSE,FALSE,Located in ticket hall,FALSE,FALSE,,,,,,,,,,,,,,,,,,,,,,,,,,,,,,,,,,,,,
,910GCHINGFD,1,Male,FALSE,FALSE,TRUE,,FALSE,TRUE,,,,,,,,,,,,,,,,,,,,,,,,,,,,,,,,,,,,,
,910GCHINGFD,2,Female,FALSE,FALSE,TRUE,,FALSE,TRUE,,,,,,,,,,,,,,,,,,,,,,,,,,,,,,,,,,,,,
,910GCHINGFD,3,Unisex,TRUE,TRUE,TRUE,,FALSE,TRUE,,,,,,,,,,,,,,,,,,,,,,,,,,,,,,,,,,,,,
,910GDALS,1,Unisex,TRUE,FALSE,TRUE,,FALSE,TRUE,,,,,,,,,,,,,,,,,,,,,,,,,,,,,,,,,,,,,
,910GDENMRKH,1,Unisex,TRUE,FALSE,TRUE,Located behind ticket office,FALSE,FALSE,,,,,,,,,,,,,,,,,,,,,,,,,,,,,,,,,,,,,
,910GENFLDTN,1,Male,FALSE,FALSE,TRUE,,FALSE,TRUE,,,,,,,,,,,,,,,,,,,,,,,,,,,,,,,,,,,,,
,910GENFLDTN,2,Female,FALSE,FALSE,TRUE,,FALSE,TRUE,,,,,,,,,,,,,,,,,,,,,,,,,,,,,,,,,,,,,
,910GENFLDTN,3,Unisex,TRUE,TRUE,TRUE,,FALSE,TRUE,,,,,,,,,,,,,,,,,,,,,,,,,,,,,,,,,,,,,
,910GFRSTGT,1,Unisex,TRUE,FALSE,FALSE,Located in ticket hall,FALSE,TRUE,,,,,,,,,,,,,,,,,,,,,,,,,,,,,,,,,,,,,
,910GGIDEAPK,1,Male,FALSE,FALSE,TRUE,Located on platforms 3 & 4,FALSE,TRUE,,,,,,,,,,,,,,,,,,,,,,,,,,,,,,,,,,,,,
,910GGIDEAPK,2,Female,FALSE,FALSE,TRUE,Located on platforms 3 & 4,FALSE,TRUE,,,,,,,,,,,,,,,,,,,,,,,,,,,,,,,,,,,,,
,910GGIDEAPK,3,Unisex,TRUE,FALSE,TRUE,Located on platforms 3 & 4,FALSE,TRUE,,,,,,,,,,,,,,,,,,,,,,,,,,,,,,,,,,,,,
,910GGODMAYS,1,Unisex,TRUE,FALSE,FALSE,Located in ticket hall,FALSE,TRUE,,,,,,,,,,,,,,,,,,,,,,,,,,,,,,,,,,,,,
,910GGOSPLOK,1,Male,FALSE,FALSE,TRUE,,FALSE,TRUE,,,,,,,,,,,,,,,,,,,,,,,,,,,,,,,,,,,,,
,910GGOSPLOK,2,Female,FALSE,FALSE,TRUE,,FALSE,TRUE,,,,,,,,,,,,,,,,,,,,,,,,,,,,,,,,,,,,,
,910GGOSPLOK,3,Unisex,TRUE,TRUE,TRUE,,FALSE,TRUE,,,,,,,,,,,,,,,,,,,,,,,,,,,,,,,,,,,,,
,910GHAGGERS,1,Unisex,TRUE,FALSE,TRUE,,FALSE,TRUE,,,,,,,,,,,,,,,,,,,,,,,,,,,,,,,,,,,,,
,910GHANWELL,1,Unisex,TRUE,FALSE,TRUE,Located on platform 3,FALSE,TRUE,,,,,,,,,,,,,,,,,,,,,,,,,,,,,,,,,,,,,
,910GHAYESAH,1,Unisex,TRUE,FALSE,TRUE,Located on platform 4,FALSE,TRUE,,,,,,,,,,,,,,,,,,,,,,,,,,,,,,,,,,,,,
,910GHAYESAH,2,Male,FALSE,FALSE,TRUE,Located on platform 4,FALSE,TRUE,,,,,,,,,,,,,,,,,,,,,,,,,,,,,,,,,,,,,
,910GHAYESAH,3,Female,FALSE,FALSE,TRUE,Located on platform 4,FALSE,TRUE,,,,,,,,,,,,,,,,,,,,,,,,,,,,,,,,,,,,,
,910GHOXTON,1,Unisex,TRUE,FALSE,TRUE,,FALSE,TRUE,,,,,,,,,,,,,,,,,,,,,,,,,,,,,,,,,,,,,
,910GHRLDWOD,1,Male,FALSE,FALSE,TRUE,Located on platform 3,FALSE,TRUE,,,,,,,,,,,,,,,,,,,,,,,,,,,,,,,,,,,,,
,910GHRLDWOD,2,Female,FALSE,FALSE,TRUE,Located on platform 3,FALSE,TRUE,,,,,,,,,,,,,,,,,,,,,,,,,,,,,,,,,,,,,
,910GHRLDWOD,3,Unisex,TRUE,FALSE,TRUE,Located on platform 3,FALSE,TRUE,,,,,,,,,,,,,,,,,,,,,,,,,,,,,,,,,,,,,
,910GILFORD,1,Male,FALSE,FALSE,TRUE,Located on platform 3,FALSE,TRUE,,,,,,,,,,,,,,,,,,,,,,,,,,,,,,,,,,,,,
,910GILFORD,2,Female,FALSE,FALSE,TRUE,Located on platform 3,FALSE,TRUE,,,,,,,,,,,,,,,,,,,,,,,,,,,,,,,,,,,,,
,910GILFORD,3,Unisex,TRUE,FALSE,TRUE,Located on platform 4,FALSE,TRUE,,,,,,,,,,,,,,,,,,,,,,,,,,,,,,,,,,,,,
,910GIVER,1,Unisex,TRUE,FALSE,TRUE,,FALSE,TRUE,,,,,,,,,,,,,,,,,,,,,,,,,,,,,,,,,,,,,
,910GLANGLEY,1,Male,FALSE,FALSE,FALSE,Located outside station entrance,FALSE,TRUE,,,,,,,,,,,,,,,,,,,,,,,,,,,,,,,,,,,,,
,910GLANGLEY,2,Female,FALSE,FALSE,FALSE,Located outside station entrance,FALSE,TRUE,,,,,,,,,,,,,,,,,,,,,,,,,,,,,,,,,,,,,
,910GLANGLEY,3,Unisex,TRUE,FALSE,FALSE,Located outside station entrance,FALSE,TRUE,,,,,,,,,,,,,,,,,,,,,,,,,,,,,,,,,,,,,
,910GMANRPK,1,Unisex,TRUE,FALSE,FALSE,Located in ticket hall,FALSE,TRUE,,,,,,,,,,,,,,,,,,,,,,,,,,,,,,,,,,,,,
,910GMRYLAND,1,Unisex,TRUE,FALSE,TRUE,Located in ticket hall,FALSE,TRUE,,,,,,,,,,,,,,,,,,,,,,,,,,,,,,,,,,,,,
,910GMDNHEAD,1,Male,FALSE,FALSE,TRUE,Located on platform 4,FALSE,TRUE,,,,,,,,,,,,,,,,,,,,,,,,,,,,,,,,,,,,,
,910GMDNHEAD,2,Female,FALSE,FALSE,TRUE,Located on platform 4,FALSE,TRUE,,,,,,,,,,,,,,,,,,,,,,,,,,,,,,,,,,,,,
,910GMDNHEAD,3,Unisex,TRUE,FALSE,TRUE,Located on platform 4,FALSE,TRUE,,,,,,,,,,,,,,,,,,,,,,,,,,,,,,,,,,,,,
,910GPENEW,1,Male,FALSE,FALSE,TRUE,,FALSE,TRUE,,,,,,,,,,,,,,,,,,,,,,,,,,,,,,,,,,,,,
,910GPENEW,2,Female,FALSE,TRUE,TRUE,,FALSE,TRUE,,,,,,,,,,,,,,,,,,,,,,,,,,,,,,,,,,,,,
,910GPENEW,3,Unisex,TRUE,FALSE,TRUE,,FALSE,TRUE,,,,,,,,,,,,,,,,,,,,,,,,,,,,,,,,,,,,,
,910GRDNGSTN,1,Male,FALSE,FALSE,TRUE,,FALSE,TRUE,,,,,,,,,,,,,,,,,,,,,,,,,,,,,,,,,,,,,
,910GRDNGSTN,2,Female,FALSE,FALSE,TRUE,,FALSE,TRUE,,,,,,,,,,,,,,,,,,,,,,,,,,,,,,,,,,,,,
,910GRDNGSTN,3,Unisex,TRUE,TRUE,TRUE,,FALSE,TRUE,,,,,,,,,,,,,,,,,,,,,,,,,,,,,,,,,,,,,
,910GROMFORD,1,Male,FALSE,FALSE,TRUE,Located on platform 4,FALSE,TRUE,,,,,,,,,,,,,,,,,,,,,,,,,,,,,,,,,,,,,
,910GROMFORD,2,Female,FALSE,FALSE,TRUE,Located on platform 4,FALSE,TRUE,,,,,,,,,,,,,,,,,,,,,,,,,,,,,,,,,,,,,
,910GROMFORD,3,Unisex,TRUE,FALSE,TRUE,Located on platform 4,FALSE,TRUE,,,,,,,,,,,,,,,,,,,,,,,,,,,,,,,,,,,,,
,910GSHENFLD,1,Male,FALSE,FALSE,TRUE,,FALSE,TRUE,,,,,,,,,,,,,,,,,,,,,,,,,,,,,,,,,,,,,
,910GSHENFLD,2,Female,FALSE,FALSE,TRUE,,FALSE,TRUE,,,,,,,,,,,,,,,,,,,,,,,,,,,,,,,,,,,,,
,910GSHENFLD,3,Unisex,TRUE,FALSE,TRUE,,FALSE,TRUE,,,,,,,,,,,,,,,,,,,,,,,,,,,,,,,,,,,,,
,910GSHRDHST,1,Unisex,TRUE,FALSE,TRUE,,FALSE,TRUE,,,,,,,,,,,,,,,,,,,,,,,,,,,,,,,,,,,,,
,910GSLOUGH,1,Male,FALSE,FALSE,TRUE,Located on platforms 1 & 5,FALSE,TRUE,,,,,,,,,,,,,,,,,,,,,,,,,,,,,,,,,,,,,
,910GSLOUGH,2,Female,FALSE,FALSE,TRUE,Located on platforms 1 & 5,FALSE,TRUE,,,,,,,,,,,,,,,,,,,,,,,,,,,,,,,,,,,,,
,910GSLOUGH,3,Unisex,TRUE,FALSE,TRUE,Located on platforms 1 & 5,FALSE,TRUE,,,,,,,,,,,,,,,,,,,,,,,,,,,,,,,,,,,,,
,910GSTHALL,1,Male,FALSE,FALSE,TRUE,Located in ticket hall,FALSE,TRUE,,,,,,,,,,,,,,,,,,,,,,,,,,,,,,,,,,,,,
,910GSTHALL,2,Female,FALSE,FALSE,TRUE,Located in ticket hall,FALSE,TRUE,,,,,,,,,,,,,,,,,,,,,,,,,,,,,,,,,,,,,
,910GSTHALL,3,Unisex,TRUE,TRUE,TRUE,Located in ticket hall,FALSE,TRUE,,,,,,,,,,,,,,,,,,,,,,,,,,,,,,,,,,,,,
,910GSVNKNGS,1,Unisex,TRUE,FALSE,TRUE,Located on Footbridge,FALSE,TRUE,,,,,,,,,,,,,,,,,,,,,,,,,,,,,,,,,,,,,
,910GTAPLOW,1,Male,FALSE,FALSE,TRUE,Located on platform 4,FALSE,TRUE,,,,,,,,,,,,,,,,,,,,,,,,,,,,,,,,,,,,,
,910GTAPLOW,2,Female,FALSE,FALSE,TRUE,Located on platform 4,FALSE,TRUE,,,,,,,,,,,,,,,,,,,,,,,,,,,,,,,,,,,,,
,910GTAPLOW,3,Unisex,TRUE,FALSE,TRUE,Located on platform 4,FALSE,TRUE,,,,,,,,,,,,,,,,,,,,,,,,,,,,,,,,,,,,,
,910GTWYFORD,1,Male,FALSE,FALSE,TRUE,Located on platform 4,FALSE,TRUE,,,,,,,,,,,,,,,,,,,,,,,,,,,,,,,,,,,,,
,910GTWYFORD,2,Female,FALSE,FALSE,TRUE,Located on platform 4,FALSE,TRUE,,,,,,,,,,,,,,,,,,,,,,,,,,,,,,,,,,,,,
,910GTWYFORD,3,Unisex,TRUE,FALSE,TRUE,Located on platform 4,FALSE,TRUE,,,,,,,,,,,,,,,,,,,,,,,,,,,,,,,,,,,,,
,910GWDRYTON,1,Male,FALSE,FALSE,TRUE,Located on platform 4,FALSE,TRUE,,,,,,,,,,,,,,,,,,,,,,,,,,,,,,,,,,,,,
,910GWDRYTON,2,Female,FALSE,FALSE,TRUE,Located on platform 4,FALSE,TRUE,,,,,,,,,,,,,,,,,,,,,,,,,,,,,,,,,,,,,
,910GWDRYTON,3,Unisex,TRUE,FALSE,TRUE,Located on platform 4,FALSE,TRUE,,,,,,,,,,,,,,,,,,,,,,,,,,,,,,,,,,,,,
,910GWEALING,1,Unisex,TRUE,FALSE,TRUE,,FALSE,TRUE,,,,,,,,,,,,,,,,,,,,,,,,,,,,,,,,,,,,,
,910GWHHRTLA,1,Unisex,TRUE,FALSE,TRUE,,FALSE,TRUE,,,,,,,,,,,,,,,,,,,,,,,,,,,,,,,,,,,,,
,910GWHHRTLA,2,Male,TRUE,TRUE,TRUE,,FALSE,TRUE,,,,,,,,,,,,,,,,,,,,,,,,,,,,,,,,,,,,,
,910GWHHRTLA,3,Female,TRUE,TRUE,TRUE,,FALSE,TRUE,,,,,,,,,,,,,,,,,,,,,,,,,,,,,,,,,,,,,
,910GWHMDSTD,1,Male,FALSE,FALSE,FALSE,,FALSE,TRUE,,,,,,,,,,,,,,,,,,,,,,,,,,,,,,,,,,,,,
,910GWHMDSTD,2,Female,FALSE,FALSE,TRUE,,FALSE,TRUE,,,,,,,,,,,,,,,,,,,,,,,,,,,,,,,,,,,,,
,910GWHMDSTD,3,Unisex,TRUE,TRUE,TRUE,,FALSE,TRUE,,,,,,,,,,,,,,,,,,,,,,,,,,,,,,,,,,,,,
,940GZZDLSIT,1,Male,FALSE,FALSE,FALSE,Located in National Rail station,FALSE,FALSE,,,,,,,,,,,,,,,,,,,,,,,,,,,,,,,,,,,,,
,940GZZDLSIT,2,Female,FALSE,TRUE,FALSE,Located in National Rail station,FALSE,FALSE,,,,,,,,,,,,,,,,,,,,,,,,,,,,,,,,,,,,,
,940GZZDLSIT,3,Unisex,TRUE,FALSE,FALSE,Located in National Rail station,FALSE,FALSE,,,,,,,,,,,,,,,,,,,,,,,,,,,,,,,,,,,,,
,940GZZLUACT,1,Male,FALSE,FALSE,FALSE,Located in ticket hall,FALSE,TRUE,,,,,,,,,,,,,,,,,,,,,,,,,,,,,,,,,,,,,
,940GZZLUACT,2,Female,FALSE,FALSE,FALSE,Located in ticket hall,FALSE,TRUE,,,,,,,,,,,,,,,,,,,,,,,,,,,,,,,,,,,,,
,940GZZLUACT,3,Unisex,TRUE,TRUE,FALSE,Located in ticket hall,FALSE,TRUE,,,,,,,,,,,,,,,,,,,,,,,,,,,,,,,,,,,,,
,940GZZLUALP,1,Male,FALSE,FALSE,TRUE,Located in ticket hall,FALSE,TRUE,,,,,,,,,,,,,,,,,,,,,,,,,,,,,,,,,,,,,
,940GZZLUALP,2,Female,FALSE,FALSE,TRUE,Located in ticket hall,FALSE,TRUE,,,,,,,,,,,,,,,,,,,,,,,,,,,,,,,,,,,,,
,940GZZLUBEC,1,Male,FALSE,FALSE,TRUE,Located on platform 1,FALSE,TRUE,,,,,,,,,,,,,,,,,,,,,,,,,,,,,,,,,,,,,
,940GZZLUBEC,2,Female,FALSE,TRUE,TRUE,Located on platform 1,FALSE,TRUE,,,,,,,,,,,,,,,,,,,,,,,,,,,,,,,,,,,,,
,940GZZLUBKE,1,Male,FALSE,FALSE,TRUE,Located on platform 2,FALSE,TRUE,,,,,,,,,,,,,,,,,,,,,,,,,,,,,,,,,,,,,
,940GZZLUBKE,2,Female,FALSE,TRUE,TRUE,Located on platform 1,FALSE,TRUE,,,,,,,,,,,,,,,,,,,,,,,,,,,,,,,,,,,,,
,940GZZLUBKH,1,Male,FALSE,FALSE,TRUE,Located on platform 2,FALSE,TRUE,,,,,,,,,,,,,,,,,,,,,,,,,,,,,,,,,,,,,
,940GZZLUBKH,2,Female,FALSE,FALSE,TRUE,Located on platform 2,FALSE,TRUE,,,,,,,,,,,,,,,,,,,,,,,,,,,,,,,,,,,,,
,940GZZLUBOS,1,Male,FALSE,FALSE,FALSE,Located in ticket hall,FALSE,TRUE,,,,,,,,,,,,,,,,,,,,,,,,,,,,,,,,,,,,,
,940GZZLUBOS,2,Female,FALSE,FALSE,TRUE,Located in ticket hall,FALSE,TRUE,,,,,,,,,,,,,,,,,,,,,,,,,,,,,,,,,,,,,
,940GZZLUBSC,1,Male,FALSE,FALSE,TRUE,Located in ticket hall,FALSE,TRUE,,,,,,,,,,,,,,,,,,,,,,,,,,,,,,,,,,,,,
,940GZZLUBSC,2,Female,FALSE,FALSE,TRUE,Located in ticket hall,FALSE,TRUE,,,,,,,,,,,,,,,,,,,,,,,,,,,,,,,,,,,,,
,940GZZLUBST,1,Male,FALSE,FALSE,TRUE,Located in corridor to platform 5,FALSE,TRUE,,,,,,,,,,,,,,,,,,,,,,,,,,,,,,,,,,,,,
,940GZZLUBST,2,Female,FALSE,TRUE,FALSE,Located in Metropolitan line ticket hall,FALSE,TRUE,,,,,,,,,,,,,,,,,,,,,,,,,,,,,,,,,,,,,
,940GZZLUCKS,1,Male,FALSE,FALSE,FALSE,Located in ticket hall,FALSE,TRUE,,,,,,,,,,,,,,,,,,,,,,,,,,,,,,,,,,,,,
,940GZZLUCKS,2,Female,FALSE,FALSE,FALSE,Located in ticket hall,FALSE,TRUE,,,,,,,,,,,,,,,,,,,,,,,,,,,,,,,,,,,,,
,940GZZLUCPK,1,Male,FALSE,FALSE,TRUE,Located in ticket hall,FALSE,TRUE,,,,,,,,,,,,,,,,,,,,,,,,,,,,,,,,,,,,,
,940GZZLUCPK,2,Female,FALSE,TRUE,TRUE,Located in ticket hall,FALSE,TRUE,,,,,,,,,,,,,,,,,,,,,,,,,,,,,,,,,,,,,
,940GZZLUCPK,3,Unisex,TRUE,FALSE,TRUE,Located in ticket hall,FALSE,TRUE,,,,,,,,,,,,,,,,,,,,,,,,,,,,,,,,,,,,,
,940GZZLUCSM,1,Male,FALSE,FALSE,TRUE,Located on platform 1,FALSE,TRUE,,,,,,,,,,,,,,,,,,,,,,,,,,,,,,,,,,,,,
,940GZZLUCSM,2,Female,FALSE,FALSE,TRUE,Located on platform 1,FALSE,TRUE,,,,,,,,,,,,,,,,,,,,,,,,,,,,,,,,,,,,,
,940GZZLUCWL,1,Male,FALSE,FALSE,TRUE,Located on platform 1,FALSE,TRUE,,,,,,,,,,,,,,,,,,,,,,,,,,,,,,,,,,,,,
,940GZZLUCWL,2,Female,FALSE,FALSE,TRUE,Located on platform 1,FALSE,TRUE,,,,,,,,,,,,,,,,,,,,,,,,,,,,,,,,,,,,,
,940GZZLUCXY,1,Male,FALSE,FALSE,TRUE,Located on platforms 1 & 2,FALSE,TRUE,,,,,,,,,,,,,,,,,,,,,,,,,,,,,,,,,,,,,
,940GZZLUCXY,2,Female,FALSE,FALSE,FALSE,Located in ticket hall,FALSE,TRUE,,,,,,,,,,,,,,,,,,,,,,,,,,,,,,,,,,,,,
,940GZZLUDBN,1,Male,FALSE,FALSE,TRUE,Located on platform 1,FALSE,TRUE,,,,,,,,,,,,,,,,,,,,,,,,,,,,,,,,,,,,,
,940GZZLUDBN,2,Female,FALSE,FALSE,TRUE,Located on platform 1,FALSE,TRUE,,,,,,,,,,,,,,,,,,,,,,,,,,,,,,,,,,,,,
,940GZZLUDGE,1,Male,FALSE,FALSE,TRUE,Located on platform 1,FALSE,TRUE,,,,,,,,,,,,,,,,,,,,,,,,,,,,,,,,,,,,,
,940GZZLUDGE,2,Female,FALSE,FALSE,TRUE,Located on platform 1,FALSE,TRUE,,,,,,,,,,,,,,,,,,,,,,,,,,,,,,,,,,,,,
,940GZZLUDGY,1,Male,FALSE,FALSE,TRUE,Located on platform,FALSE,TRUE,,,,,,,,,,,,,,,,,,,,,,,,,,,,,,,,,,,,,
,940GZZLUDGY,2,Female,FALSE,FALSE,TRUE,Located on platform,FALSE,TRUE,,,,,,,,,,,,,,,,,,,,,,,,,,,,,,,,,,,,,
,940GZZLUDGY,3,Unisex,TRUE,FALSE,TRUE,Located on platform,FALSE,TRUE,,,,,,,,,,,,,,,,,,,,,,,,,,,,,,,,,,,,,
,940GZZLUDOH,1,Male,FALSE,FALSE,TRUE,Located on platform,FALSE,TRUE,,,,,,,,,,,,,,,,,,,,,,,,,,,,,,,,,,,,,
,940GZZLUDOH,2,Female,FALSE,TRUE,TRUE,Located on platform,FALSE,TRUE,,,,,,,,,,,,,,,,,,,,,,,,,,,,,,,,,,,,,
,940GZZLUDOH,3,Unisex,TRUE,FALSE,TRUE,Located on platform,FALSE,TRUE,,,,,,,,,,,,,,,,,,,,,,,,,,,,,,,,,,,,,
,940GZZLUECM,1,Male,FALSE,FALSE,TRUE,Located on platform 2,FALSE,TRUE,,,,,,,,,,,,,,,,,,,,,,,,,,,,,,,,,,,,,
,940GZZLUECM,2,Female,FALSE,FALSE,TRUE,Located on platform 1,FALSE,TRUE,,,,,,,,,,,,,,,,,,,,,,,,,,,,,,,,,,,,,
,940GZZLUEPG,1,Male,FALSE,FALSE,TRUE,Located on platform 1,FALSE,TRUE,,,,,,,,,,,,,,,,,,,,,,,,,,,,,,,,,,,,,
,940GZZLUEPG,2,Female,FALSE,FALSE,TRUE,Located on platform 1,FALSE,TRUE,,,,,,,,,,,,,,,,,,,,,,,,,,,,,,,,,,,,,
,940GZZLUEPG,3,Unisex,TRUE,TRUE,TRUE,Located on platform 2,FALSE,TRUE,,,,,,,,,,,,,,,,,,,,,,,,,,,,,,,,,,,,,
,940GZZLUEPK,1,Male,FALSE,FALSE,TRUE,Located on platform 1,FALSE,TRUE,,,,,,,,,,,,,,,,,,,,,,,,,,,,,,,,,,,,,
,940GZZLUEPK,2,Female,FALSE,FALSE,TRUE,Located on platform 1,FALSE,TRUE,,,,,,,,,,,,,,,,,,,,,,,,,,,,,,,,,,,,,
,940GZZLUEPK,3,Unisex,TRUE,FALSE,TRUE,Located on platform 1,FALSE,TRUE,,,,,,,,,,,,,,,,,,,,,,,,,,,,,,,,,,,,,
,940GZZLUFLP,1,Male,FALSE,FALSE,TRUE,Located on platform 2,FALSE,TRUE,,,,,,,,,,,,,,,,,,,,,,,,,,,,,,,,,,,,,
,940GZZLUFLP,2,Female,FALSE,FALSE,TRUE,Located on platform 1,FALSE,TRUE,,,,,,,,,,,,,,,,,,,,,,,,,,,,,,,,,,,,,
,940GZZLUFYC,3,Unisex,TRUE,FALSE,TRUE,Located on platform 3,FALSE,TRUE,,,,,,,,,,,,,,,,,,,,,,,,,,,,,,,,,,,,,
,940GZZLUFYR,1,Male,TRUE,TRUE,TRUE,Located in ticket hall,FALSE,TRUE,,,,,,,,,,,,,,,,,,,,,,,,,,,,,,,,,,,,,
,940GZZLUFYR,2,Female,TRUE,TRUE,TRUE,Located in ticket hall,FALSE,TRUE,,,,,,,,,,,,,,,,,,,,,,,,,,,,,,,,,,,,,
,940GZZLUGGH,1,Male,FALSE,FALSE,TRUE,Located on platform 2,FALSE,TRUE,,,,,,,,,,,,,,,,,,,,,,,,,,,,,,,,,,,,,
,940GZZLUGGH,2,Female,FALSE,FALSE,TRUE,Located on platform 2,FALSE,TRUE,,,,,,,,,,,,,,,,,,,,,,,,,,,,,,,,,,,,,
,940GZZLUHBT,1,Male,FALSE,FALSE,TRUE,Located on platform 1,FALSE,TRUE,,,,,,,,,,,,,,,,,,,,,,,,,,,,,,,,,,,,,
,940GZZLUHBT,2,Female,FALSE,FALSE,TRUE,Located on platform 1,FALSE,TRUE,,,,,,,,,,,,,,,,,,,,,,,,,,,,,,,,,,,,,
,940GZZLUHBT,3,Unisex,TRUE,FALSE,TRUE,Located on platform 1,FALSE,TRUE,,,,,,,,,,,,,,,,,,,,,,,,,,,,,,,,,,,,,
,940GZZLUHCH,1,Male,FALSE,FALSE,TRUE,Located on platform 1,FALSE,TRUE,,,,,,,,,,,,,,,,,,,,,,,,,,,,,,,,,,,,,
,940GZZLUHCH,2,Female,FALSE,FALSE,TRUE,Located on platform 1,FALSE,TRUE,,,,,,,,,,,,,,,,,,,,,,,,,,,,,,,,,,,,,
,940GZZLUHCL,1,Unisex,TRUE,FALSE,FALSE,Located in ticket hall,FALSE,TRUE,,,,,,,,,,,,,,,,,,,,,,,,,,,,,,,,,,,,,
,940GZZLUHGD,1,Male,FALSE,FALSE,TRUE,Located on platform 2,FALSE,TRUE,,,,,,,,,,,,,,,,,,,,,,,,,,,,,,,,,,,,,
,940GZZLUHGD,2,Female,FALSE,FALSE,TRUE,Located on platform 2,FALSE,TRUE,,,,,,,,,,,,,,,,,,,,,,,,,,,,,,,,,,,,,
,940GZZLUHGD,3,Unisex,TRUE,FALSE,TRUE,Located on platform 1,FALSE,TRUE,,,,,,,,,,,,,,,,,,,,,,,,,,,,,,,,,,,,,
,940GZZLUHGR,1,Male,FALSE,FALSE,FALSE,Located in ticket hall,FALSE,TRUE,,,,,,,,,,,,,,,,,,,,,,,,,,,,,,,,,,,,,
,940GZZLUHGR,2,Female,FALSE,FALSE,FALSE,Located in ticket hall,FALSE,TRUE,,,,,,,,,,,,,,,,,,,,,,,,,,,,,,,,,,,,,
,940GZZLUHLT,1,Unisex,TRUE,FALSE,FALSE,Located in ticket hall,FALSE,TRUE,,,,,,,,,,,,,,,,,,,,,,,,,,,,,,,,,,,,,
,940GZZLUHWC,1,Male,FALSE,FALSE,TRUE,Located in ticket hall,FALSE,TRUE,,,,,,,,,,,,,,,,,,,,,,,,,,,,,,,,,,,,,
,940GZZLUHWC,2,Female,FALSE,FALSE,TRUE,Located in ticket hall,FALSE,TRUE,,,,,,,,,,,,,,,,,,,,,,,,,,,,,,,,,,,,,
,940GZZLUHWE,1,Unisex,TRUE,TRUE,TRUE,Located in ticket hall,FALSE,TRUE,,,,,,,,,,,,,,,,,,,,,,,,,,,,,,,,,,,,,
,940GZZLUKBN,1,Male,FALSE,FALSE,FALSE,Located in ticket hall,FALSE,TRUE,,,,,,,,,,,,,,,,,,,,,,,,,,,,,,,,,,,,,
,940GZZLUKBN,2,Female,FALSE,FALSE,FALSE,Located in ticket hall,FALSE,TRUE,,,,,,,,,,,,,,,,,,,,,,,,,,,,,,,,,,,,,
,940GZZLUKBN,3,Unisex,TRUE,TRUE,TRUE,Located on platform,FALSE,TRUE,,,,,,,,,,,,,,,,,,,,,,,,,,,,,,,,,,,,,
,940GZZLUKBY,1,Male,FALSE,FALSE,TRUE,Located in ticket hall,FALSE,TRUE,,,,,,,,,,,,,,,,,,,,,,,,,,,,,,,,,,,,,
,940GZZLUKBY,2,Female,FALSE,FALSE,TRUE,Located in ticket hall,FALSE,TRUE,,,,,,,,,,,,,,,,,,,,,,,,,,,,,,,,,,,,,
,940GZZLUKBY,3,Unisex,TRUE,TRUE,TRUE,Located in ticket hall,FALSE,TRUE,,,,,,,,,,,,,,,,,,,,,,,,,,,,,,,,,,,,,
,940GZZLULGN,1,Male,FALSE,FALSE,FALSE,Located in ticket hall,FALSE,TRUE,,,,,,,,,,,,,,,,,,,,,,,,,,,,,,,,,,,,,
,940GZZLULGN,2,Female,FALSE,FALSE,FALSE,Located in ticket hall,FALSE,TRUE,,,,,,,,,,,,,,,,,,,,,,,,,,,,,,,,,,,,,
,940GZZLULYN,1,Male,FALSE,FALSE,TRUE,Located on platform 1,FALSE,TRUE,,,,,,,,,,,,,,,,,,,,,,,,,,,,,,,,,,,,,
,940GZZLULYN,2,Female,FALSE,FALSE,TRUE,Located on platform 1,FALSE,TRUE,,,,,,,,,,,,,,,,,,,,,,,,,,,,,,,,,,,,,
,940GZZLULYS,1,Male,FALSE,FALSE,TRUE,Located on platform 2,FALSE,TRUE,,,,,,,,,,,,,,,,,,,,,,,,,,,,,,,,,,,,,
,940GZZLULYS,2,Female,FALSE,FALSE,TRUE,Located on platform 3,FALSE,TRUE,,,,,,,,,,,,,,,,,,,,,,,,,,,,,,,,,,,,,
,940GZZLUMPK,1,Male,FALSE,FALSE,TRUE,Located on platform 4,FALSE,TRUE,,,,,,,,,,,,,,,,,,,,,,,,,,,,,,,,,,,,,
,940GZZLUMPK,2,Female,FALSE,FALSE,TRUE,Located on platform 4,FALSE,TRUE,,,,,,,,,,,,,,,,,,,,,,,,,,,,,,,,,,,,,
,940GZZLUNBP,1,Male,FALSE,FALSE,TRUE,Located on platform 1,FALSE,TRUE,,,,,,,,,,,,,,,,,,,,,,,,,,,,,,,,,,,,,
,940GZZLUNBP,2,Female,FALSE,TRUE,TRUE,Located on platforms 1 & 2,FALSE,TRUE,,,,,,,,,,,,,,,,,,,,,,,,,,,,,,,,,,,,,
,940GZZLUNEN,1,Male,FALSE,FALSE,TRUE,Located in ticket hall,FALSE,TRUE,,,,,,,,,,,,,,,,,,,,,,,,,,,,,,,,,,,,,
,940GZZLUNEN,2,Female,FALSE,TRUE,FALSE,Located in ticket hall,FALSE,TRUE,,,,,,,,,,,,,,,,,,,,,,,,,,,,,,,,,,,,,
,940GZZLUNFD,1,Male,FALSE,FALSE,FALSE,Located in ticket hall,FALSE,TRUE,,,,,,,,,,,,,,,,,,,,,,,,,,,,,,,,,,,,,
,940GZZLUNFD,2,Female,FALSE,FALSE,FALSE,Located in ticket hall,FALSE,TRUE,,,,,,,,,,,,,,,,,,,,,,,,,,,,,,,,,,,,,
,940GZZLUNGW,1,Male,FALSE,FALSE,FALSE,Located by bus station entrance,FALSE,TRUE,,,,,,,,,,,,,,,,,,,,,,,,,,,,,,,,,,,,,
,940GZZLUNGW,2,Female,FALSE,FALSE,FALSE,Located by bus station entrance,FALSE,TRUE,,,,,,,,,,,,,,,,,,,,,,,,,,,,,,,,,,,,,
,940GZZLUNGW,3,Unisex,TRUE,TRUE,TRUE,Baby changing is located separately and only available when the information kiosk in the bus station is open,FALSE,TRUE,,,,,,,,,,,,,,,,,,,,,,,,,,,,,,,,,,,,,
,940GZZLUNHA,1,Male,FALSE,FALSE,TRUE,Located in ticket hall,FALSE,TRUE,,,,,,,,,,,,,,,,,,,,,,,,,,,,,,,,,,,,,
,940GZZLUNHA,2,Female,FALSE,FALSE,FALSE,Located in ticket hall,FALSE,TRUE,,,,,,,,,,,,,,,,,,,,,,,,,,,,,,,,,,,,,
,940GZZLUNHT,1,Male,FALSE,FALSE,FALSE,Located in ticket hall,FALSE,TRUE,,,,,,,,,,,,,,,,,,,,,,,,,,,,,,,,,,,,,
,940GZZLUNHT,2,Female,FALSE,TRUE,FALSE,Located in ticket hall,FALSE,TRUE,,,,,,,,,,,,,,,,,,,,,,,,,,,,,,,,,,,,,
,940GZZLUNKP,1,Male,FALSE,FALSE,TRUE,Located on platform,FALSE,TRUE,,,,,,,,,,,,,,,,,,,,,,,,,,,,,,,,,,,,,
,940GZZLUNKP,2,Female,FALSE,FALSE,TRUE,Located on platform,FALSE,TRUE,,,,,,,,,,,,,,,,,,,,,,,,,,,,,,,,,,,,,
,940GZZLUNOW,1,Male,FALSE,FALSE,TRUE,Located on platform 2,FALSE,TRUE,,,,,,,,,,,,,,,,,,,,,,,,,,,,,,,,,,,,,
,940GZZLUNOW,2,Female,FALSE,FALSE,TRUE,Located on platform 2,FALSE,TRUE,,,,,,,,,,,,,,,,,,,,,,,,,,,,,,,,,,,,,
,940GZZLUNWH,1,Male,FALSE,FALSE,TRUE,Located on platform 2,FALSE,TRUE,,,,,,,,,,,,,,,,,,,,,,,,,,,,,,,,,,,,,
,940GZZLUNWH,2,Female,FALSE,FALSE,TRUE,Located in ticket hall,FALSE,TRUE,,,,,,,,,,,,,,,,,,,,,,,,,,,,,,,,,,,,,
,940GZZLUOAK,1,Male,FALSE,FALSE,FALSE,Located in ticket hall,FALSE,TRUE,,,,,,,,,,,,,,,,,,,,,,,,,,,,,,,,,,,,,
,940GZZLUOAK,2,Female,FALSE,FALSE,FALSE,Located in ticket hall,FALSE,TRUE,,,,,,,,,,,,,,,,,,,,,,,,,,,,,,,,,,,,,
,940GZZLUOSY,1,Male,FALSE,FALSE,FALSE,Located in ticket hall,FALSE,TRUE,,,,,,,,,,,,,,,,,,,,,,,,,,,,,,,,,,,,,
,940GZZLUOSY,2,Female,FALSE,FALSE,FALSE,Located in ticket hall,FALSE,TRUE,,,,,,,,,,,,,,,,,,,,,,,,,,,,,,,,,,,,,
,940GZZLUPCC,1,Male,FALSE,FALSE,FALSE,Located in ticket hall,TRUE,FALSE,,,,,,,,,,,,,,,,,,,,,,,,,,,,,,,,,,,,,
,940GZZLUPCC,2,Female,FALSE,FALSE,FALSE,Located in ticket hall,TRUE,FALSE,,,,,,,,,,,,,,,,,,,,,,,,,,,,,,,,,,,,,
,940GZZLUPKR,1,Male,FALSE,FALSE,TRUE,Located in ticket hall,FALSE,TRUE,,,,,,,,,,,,,,,,,,,,,,,,,,,,,,,,,,,,,
,940GZZLUPKR,2,Female,FALSE,TRUE,TRUE,Located in ticket hall,FALSE,TRUE,,,,,,,,,,,,,,,,,,,,,,,,,,,,,,,,,,,,,
,940GZZLUPNR,1,Male,FALSE,FALSE,TRUE,Located on platform 1,FALSE,TRUE,,,,,,,,,,,,,,,,,,,,,,,,,,,,,,,,,,,,,
,940GZZLUPNR,2,Female,FALSE,FALSE,TRUE,Located on platform 1,FALSE,TRUE,,,,,,,,,,,,,,,,,,,,,,,,,,,,,,,,,,,,,
,940GZZLUPNR,3,Unisex,TRUE,FALSE,TRUE,Located on platform 1,FALSE,TRUE,,,,,,,,,,,,,,,,,,,,,,,,,,,,,,,,,,,,,
,940GZZLUPRD,1,Male,FALSE,FALSE,TRUE,Located on platform,FALSE,TRUE,,,,,,,,,,,,,,,,,,,,,,,,,,,,,,,,,,,,,
,940GZZLUPRD,2,Female,FALSE,FALSE,TRUE,Located on platform,FALSE,TRUE,,,,,,,,,,,,,,,,,,,,,,,,,,,,,,,,,,,,,
,940GZZLUPVL,1,Male,FALSE,FALSE,FALSE,Located in ticket hall,FALSE,TRUE,,,,,,,,,,,,,,,,,,,,,,,,,,,,,,,,,,,,,
,940GZZLUPVL,2,Female,FALSE,FALSE,FALSE,Located in ticket hall,FALSE,TRUE,,,,,,,,,,,,,,,,,,,,,,,,,,,,,,,,,,,,,
,940GZZLUQBY,1,Male,FALSE,FALSE,FALSE,Located in ticket hall,FALSE,TRUE,,,,,,,,,,,,,,,,,,,,,,,,,,,,,,,,,,,,,
,940GZZLUQBY,2,Female,FALSE,TRUE,FALSE,Located in ticket hall,FALSE,TRUE,,,,,,,,,,,,,,,,,,,,,,,,,,,,,,,,,,,,,
,940GZZLUQBY,3,Unisex,TRUE,FALSE,FALSE,Located in ticket hall,FALSE,TRUE,,,,,,,,,,,,,,,,,,,,,,,,,,,,,,,,,,,,,
,940GZZLURBG,1,Male,FALSE,FALSE,FALSE,Located in ticket hall,FALSE,TRUE,,,,,,,,,,,,,,,,,,,,,,,,,,,,,,,,,,,,,
,940GZZLURBG,2,Female,FALSE,FALSE,FALSE,Located in ticket hall,FALSE,TRUE,,,,,,,,,,,,,,,,,,,,,,,,,,,,,,,,,,,,,
,940GZZLURSG,1,Unisex,TRUE,FALSE,FALSE,Located in ticket hall,FALSE,TRUE,,,,,,,,,,,,,,,,,,,,,,,,,,,,,,,,,,,,,
,940GZZLURSM,1,Male,FALSE,FALSE,FALSE,Located in ticket hall,FALSE,TRUE,,,,,,,,,,,,,,,,,,,,,,,,,,,,,,,,,,,,,
,940GZZLURSM,2,Female,FALSE,FALSE,FALSE,Located in ticket hall,FALSE,TRUE,,,,,,,,,,,,,,,,,,,,,,,,,,,,,,,,,,,,,
,940GZZLURSP,1,Male,FALSE,FALSE,TRUE,Located on platform 2,FALSE,TRUE,,,,,,,,,,,,,,,,,,,,,,,,,,,,,,,,,,,,,
,940GZZLURSP,2,Female,FALSE,FALSE,TRUE,Located on platform 2,FALSE,TRUE,,,,,,,,,,,,,,,,,,,,,,,,,,,,,,,,,,,,,
,940GZZLURVY,1,Male,FALSE,FALSE,FALSE,Located on platform 2,FALSE,TRUE,,,,,,,,,,,,,,,,,,,,,,,,,,,,,,,,,,,,,
,940GZZLURVY,2,Female,FALSE,FALSE,FALSE,Located on platform 2,FALSE,TRUE,,,,,,,,,,,,,,,,,,,,,,,,,,,,,,,,,,,,,
,940GZZLUSFB,1,Male,FALSE,FALSE,TRUE,Located in ticket hall,FALSE,TRUE,,,,,,,,,,,,,,,,,,,,,,,,,,,,,,,,,,,,,
,940GZZLUSFB,2,Female,FALSE,FALSE,TRUE,Located in ticket hall,FALSE,TRUE,,,,,,,,,,,,,,,,,,,,,,,,,,,,,,,,,,,,,
,940GZZLUSJW,1,Male,FALSE,FALSE,FALSE,Located in ticket hall,FALSE,TRUE,,,,,,,,,,,,,,,,,,,,,,,,,,,,,,,,,,,,,
,940GZZLUSJW,2,Female,FALSE,FALSE,FALSE,Located in ticket hall,FALSE,TRUE,,,,,,,,,,,,,,,,,,,,,,,,,,,,,,,,,,,,,
,940GZZLUSJW,3,Unisex,TRUE,TRUE,FALSE,Located in ticket hall,FALSE,TRUE,,,,,,,,,,,,,,,,,,,,,,,,,,,,,,,,,,,,,
,940GZZLUSNB,1,Male,FALSE,FALSE,TRUE,Located on platforms 1 & 2,FALSE,TRUE,,,,,,,,,,,,,,,,,,,,,,,,,,,,,,,,,,,,,
,940GZZLUSNB,2,Female,FALSE,FALSE,TRUE,Located on platform 1,FALSE,TRUE,,,,,,,,,,,,,,,,,,,,,,,,,,,,,,,,,,,,,
,940GZZLUSTM,1,Male,FALSE,FALSE,TRUE,Located on platform 1,FALSE,TRUE,,,,,,,,,,,,,,,,,,,,,,,,,,,,,,,,,,,,,
,940GZZLUSTM,2,Female,FALSE,FALSE,TRUE,Located on platform 1,FALSE,TRUE,,,,,,,,,,,,,,,,,,,,,,,,,,,,,,,,,,,,,
,940GZZLUSTM,3,Unisex,TRUE,FALSE,TRUE,Located on platform 1,FALSE,TRUE,,,,,,,,,,,,,,,,,,,,,,,,,,,,,,,,,,,,,
,940GZZLUSUH,1,Male,FALSE,FALSE,FALSE,Located in ticket hall,FALSE,TRUE,,,,,,,,,,,,,,,,,,,,,,,,,,,,,,,,,,,,,
,940GZZLUSUH,2,Female,FALSE,FALSE,FALSE,Located in ticket hall,FALSE,TRUE,,,,,,,,,,,,,,,,,,,,,,,,,,,,,,,,,,,,,
,940GZZLUSUT,1,Male,FALSE,FALSE,TRUE,Located on platform 2,FALSE,TRUE,,,,,,,,,,,,,,,,,,,,,,,,,,,,,,,,,,,,,
,940GZZLUSUT,2,Female,FALSE,FALSE,TRUE,Located on platform 2,FALSE,TRUE,,,,,,,,,,,,,,,,,,,,,,,,,,,,,,,,,,,,,
,940GZZLUTAW,1,Male,FALSE,FALSE,TRUE,Located on platform 1,FALSE,TRUE,,,,,,,,,,,,,,,,,,,,,,,,,,,,,,,,,,,,,
,940GZZLUTAW,2,Female,FALSE,FALSE,TRUE,Located on platform 2,FALSE,TRUE,,,,,,,,,,,,,,,,,,,,,,,,,,,,,,,,,,,,,
,940GZZLUTHB,1,Male,FALSE,FALSE,TRUE,Located on platform 2,FALSE,TRUE,,,,,,,,,,,,,,,,,,,,,,,,,,,,,,,,,,,,,
,940GZZLUTHB,2,Female,FALSE,FALSE,FALSE,Located in ticket hall,FALSE,TRUE,,,,,,,,,,,,,,,,,,,,,,,,,,,,,,,,,,,,,
,940GZZLUUPB,1,Male,FALSE,FALSE,TRUE,Located on platform 1,FALSE,TRUE,,,,,,,,,,,,,,,,,,,,,,,,,,,,,,,,,,,,,
,940GZZLUUPB,2,Female,FALSE,FALSE,TRUE,Located on platform 1,FALSE,TRUE,,,,,,,,,,,,,,,,,,,,,,,,,,,,,,,,,,,,,
,940GZZLUUPY,1,Male,FALSE,FALSE,TRUE,Located on platform,FALSE,TRUE,,,,,,,,,,,,,,,,,,,,,,,,,,,,,,,,,,,,,
,940GZZLUUPY,2,Female,FALSE,FALSE,TRUE,Located on platform,FALSE,TRUE,,,,,,,,,,,,,,,,,,,,,,,,,,,,,,,,,,,,,
,940GZZLUUXB,1,Male,FALSE,FALSE,FALSE,Located in ticket hall,FALSE,TRUE,,,,,,,,,,,,,,,,,,,,,,,,,,,,,,,,,,,,,
,940GZZLUUXB,2,Female,FALSE,FALSE,FALSE,Located in ticket hall,FALSE,TRUE,,,,,,,,,,,,,,,,,,,,,,,,,,,,,,,,,,,,,
,940GZZLUUXB,3,Unisex,TRUE,TRUE,FALSE,Located in ticket hall,FALSE,TRUE,,,,,,,,,,,,,,,,,,,,,,,,,,,,,,,,,,,,,
,940GZZLUWAF,1,Male,FALSE,FALSE,TRUE,Located on platform,FALSE,TRUE,,,,,,,,,,,,,,,,,,,,,,,,,,,,,,,,,,,,,
,940GZZLUWAF,2,Female,FALSE,FALSE,FALSE,Located in ticket hall,FALSE,TRUE,,,,,,,,,,,,,,,,,,,,,,,,,,,,,,,,,,,,,
,940GZZLUWCY,1,Male,FALSE,FALSE,TRUE,Located in ticket hall,FALSE,TRUE,,,,,,,,,,,,,,,,,,,,,,,,,,,,,,,,,,,,,
,940GZZLUWCY,2,Female,FALSE,FALSE,TRUE,Located in ticket hall,FALSE,TRUE,,,,,,,,,,,,,,,,,,,,,,,,,,,,,,,,,,,,,
,940GZZLUWFN,1,Male,FALSE,TRUE,TRUE,Located on platform 1,FALSE,TRUE,,,,,,,,,,,,,,,,,,,,,,,,,,,,,,,,,,,,,
,940GZZLUWFN,2,Female,FALSE,TRUE,TRUE,Located on platform 1,FALSE,TRUE,,,,,,,,,,,,,,,,,,,,,,,,,,,,,,,,,,,,,
,940GZZLUWHW,1,Male,FALSE,FALSE,FALSE,Located in ticket hall,FALSE,TRUE,,,,,,,,,,,,,,,,,,,,,,,,,,,,,,,,,,,,,
,940GZZLUWHW,2,Female,FALSE,FALSE,TRUE,Located in ticket hall,FALSE,TRUE,,,,,,,,,,,,,,,,,,,,,,,,,,,,,,,,,,,,,
,940GZZLUWHW,3,Unisex,TRUE,TRUE,TRUE,Located in ticket hall,FALSE,TRUE,,,,,,,,,,,,,,,,,,,,,,,,,,,,,,,,,,,,,
,940GZZLUWIG,1,Female,FALSE,FALSE,FALSE,Located in ticket hall,FALSE,TRUE,,,,,,,,,,,,,,,,,,,,,,,,,,,,,,,,,,,,,
,940GZZLUWIG,2,Unisex,TRUE,FALSE,FALSE,Located in ticket hall,FALSE,TRUE,,,,,,,,,,,,,,,,,,,,,,,,,,,,,,,,,,,,,
,940GZZLUWLA,1,Unisex,TRUE,TRUE,TRUE,Located in ticket hall,FALSE,TRUE,,,,,,,,,,,,,,,,,,,,,,,,,,,,,,,,,,,,,
,940GZZLUWOF,1,Male,FALSE,FALSE,TRUE,Located on platform 2/3,FALSE,TRUE,,,,,,,,,,,,,,,,,,,,,,,,,,,,,,,,,,,,,
,940GZZLUWOF,2,Female,FALSE,FALSE,TRUE,Located on platform 2,FALSE,TRUE,,,,,,,,,,,,,,,,,,,,,,,,,,,,,,,,,,,,,
,940GZZLUWOP,1,Male,FALSE,FALSE,TRUE,Located on platform 2,FALSE,TRUE,,,,,,,,,,,,,,,,,,,,,,,,,,,,,,,,,,,,,
,940GZZLUWOP,2,Female,FALSE,FALSE,TRUE,Located on platform 2,FALSE,TRUE,,,,,,,,,,,,,,,,,,,,,,,,,,,,,,,,,,,,,
,940GZZLUWTA,1,Male,FALSE,FALSE,FALSE,Located in ticket hall,FALSE,TRUE,,,,,,,,,,,,,,,,,,,,,,,,,,,,,,,,,,,,,
,940GZZLUWTA,2,Female,FALSE,FALSE,FALSE,Located in ticket hall,FALSE,TRUE,,,,,,,,,,,,,,,,,,,,,,,,,,,,,,,,,,,,,
,940GZZLUWYP,1,Male,FALSE,TRUE,TRUE,Located on platform 2,FALSE,TRUE,,,,,,,,,,,,,,,,,,,,,,,,,,,,,,,,,,,,,
,940GZZLUWYP,2,Female,FALSE,TRUE,TRUE,Located on platform 1,FALSE,TRUE,,,,,,,,,,,,,,,,,,,,,,,,,,,,,,,,,,,,,
,940GZZLUWYP,3,Unisex,TRUE,FALSE,TRUE,Located on platform 1,FALSE,TRUE,,,,,,,,,,,,,,,,,,,,,,,,,,,,,,,,,,,,,
,HUBABW,1,Male,FALSE,FALSE,TRUE,Located in ticket hall,FALSE,TRUE,,,,,,,,,,,,,,,,,,,,,,,,,,,,,,,,,,,,,
,HUBABW,2,Female,FALSE,FALSE,TRUE,Located in ticket hall,FALSE,TRUE,,,,,,,,,,,,,,,,,,,,,,,,,,,,,,,,,,,,,
,HUBABW,3,Unisex,    TRUE ,FALSE,TRUE,Located in ticket hall,FALSE,TRUE,,,,,,,,,,,,,,,,,,,,,,,,,,,,,,,,,,,,,
,HUBAMR,1,Male,FALSE,FALSE,TRUE,Located on platform 1/2,FALSE,TRUE,,,,,,,,,,,,,,,,,,,,,,,,,,,,,,,,,,,,,
,HUBAMR,2,Female,FALSE,FALSE,TRUE,Located on platform 3,FALSE,TRUE,,,,,,,,,,,,,,,,,,,,,,,,,,,,,,,,,,,,,
,HUBBAN,1,Unisex,TRUE,FALSE,TRUE,Located at Cannon Street ticket hall,FALSE,TRUE,,,,,,,,,,,,,,,,,,,,,,,,,,,,,,,,,,,,,
,HUBBEK,1,Male,FALSE,FALSE,FALSE,Located in National Rail station,FALSE,FALSE,,,,,,,,,,,,,,,,,,,,,,,,,,,,,,,,,,,,,
,HUBBEK,2,Female,FALSE,FALSE,FALSE,Located in National Rail station,FALSE,FALSE,,,,,,,,,,,,,,,,,,,,,,,,,,,,,,,,,,,,,
,HUBBEK,3,Unisex,TRUE,FALSE,FALSE,Located in National Rail station,FALSE,FALSE,,,,,,,,,,,,,,,,,,,,,,,,,,,,,,,,,,,,,
,HUBBFR,1,Male,FALSE,FALSE,FALSE,Located in National Rail station,TRUE,FALSE,,,,,,,,,,,,,,,,,,,,,,,,,,,,,,,,,,,,,
,HUBBFR,2,Female,FALSE,TRUE,FALSE,Located in National Rail station,TRUE,FALSE,,,,,,,,,,,,,,,,,,,,,,,,,,,,,,,,,,,,,
,HUBBFR,3,Unisex,TRUE,FALSE,FALSE,Located in National Rail station,TRUE,FALSE,,,,,,,,,,,,,,,,,,,,,,,,,,,,,,,,,,,,,
,HUBBKG,1,Male,FALSE,FALSE,TRUE,"Located in walkway, inside gateline",FALSE,FALSE,,,,,,,,,,,,,,,,,,,,,,,,,,,,,,,,,,,,,
,HUBBKG,2,Female,FALSE,TRUE,TRUE,"Located in walkway, inside gateline",FALSE,FALSE,,,,,,,,,,,,,,,,,,,,,,,,,,,,,,,,,,,,,
,HUBBKG,3,Unisex,TRUE,FALSE,TRUE,"Located in walkway, inside gateline",FALSE,FALSE,,,,,,,,,,,,,,,,,,,,,,,,,,,,,,,,,,,,,
,HUBCAW,1,Male,FALSE,FALSE,FALSE,Located in ticket hall,FALSE,TRUE,,,,,,,,,,,,,,,,,,,,,,,,,,,,,,,,,,,,,
,HUBCAW,2,Female,FALSE,FALSE,FALSE,Located in ticket hall,FALSE,TRUE,,,,,,,,,,,,,,,,,,,,,,,,,,,,,,,,,,,,,
,HUBCAW,3,Unisex,TRUE,FALSE,FALSE,Located in ticket hall,FALSE,TRUE,,,,,,,,,,,,,,,,,,,,,,,,,,,,,,,,,,,,,
,HUBCFO,1,Male,FALSE,FALSE,TRUE,Located on platform 1,FALSE,TRUE,,,,,,,,,,,,,,,,,,,,,,,,,,,,,,,,,,,,,
,HUBCFO,2,Female,FALSE,FALSE,TRUE,Located on platform 1,FALSE,TRUE,,,,,,,,,,,,,,,,,,,,,,,,,,,,,,,,,,,,,
,HUBCHX,1,Male,FALSE,FALSE,FALSE,Located in National Rail station,FALSE,FALSE,,,,,,,,,,,,,,,,,,,,,,,,,,,,,,,,,,,,,
,HUBCHX,2,Female,FALSE,FALSE,FALSE,Located in National Rail station,FALSE,FALSE,,,,,,,,,,,,,,,,,,,,,,,,,,,,,,,,,,,,,
,HUBCHX,3,Unisex,TRUE,TRUE,FALSE,Located in National Rail station,FALSE,FALSE,,,,,,,,,,,,,,,,,,,,,,,,,,,,,,,,,,,,,
,HUBCLJ,1,Male,FALSE,FALSE,TRUE,Located in Brighton Yard ticket hall,FALSE,FALSE,,,,,,,,,,,,,,,,,,,,,,,,,,,,,,,,,,,,,
,HUBCLJ,2,Female,FALSE,TRUE,TRUE,Located in Brighton Yard ticket hall,FALSE,FALSE,,,,,,,,,,,,,,,,,,,,,,,,,,,,,,,,,,,,,
,HUBCLJ,3,Unisex,TRUE,FALSE,TRUE,Located in Brighton Yard ticket hall,FALSE,FALSE,,,,,,,,,,,,,,,,,,,,,,,,,,,,,,,,,,,,,
,HUBCLW,1,Male,FALSE,FALSE,TRUE,Located on platform 2,FALSE,TRUE,,,,,,,,,,,,,,,,,,,,,,,,,,,,,,,,,,,,,
,HUBCLW,2,Female,FALSE,FALSE,TRUE,Located on platform 2,FALSE,TRUE,,,,,,,,,,,,,,,,,,,,,,,,,,,,,,,,,,,,,
,HUBCST,1,Male,FALSE,FALSE,FALSE,Located in National Rail station,FALSE,FALSE,,,,,,,,,,,,,,,,,,,,,,,,,,,,,,,,,,,,,
,HUBCST,2,Female,FALSE,TRUE,FALSE,Located in National Rail station,FALSE,FALSE,,,,,,,,,,,,,,,,,,,,,,,,,,,,,,,,,,,,,
,HUBCST,3,Unisex,TRUE,FALSE,FALSE,Located in National Rail station,FALSE,FALSE,,,,,,,,,,,,,,,,,,,,,,,,,,,,,,,,,,,,,
,HUBCUS,1,Unisex,TRUE,TRUE,TRUE,,FALSE,TRUE,,,,,,,,,,,,,,,,,,,,,,,,,,,,,,,,,,,,,
,HUBCYP,1,Male,FALSE,FALSE,TRUE,,FALSE,TRUE,,,,,,,,,,,,,,,,,,,,,,,,,,,,,,,,,,,,,
,HUBCYP,2,Female,FALSE,TRUE,TRUE,,FALSE,TRUE,,,,,,,,,,,,,,,,,,,,,,,,,,,,,,,,,,,,,
,HUBCYP,3,Unisex,TRUE,FALSE,TRUE,,FALSE,TRUE,,,,,,,,,,,,,,,,,,,,,,,,,,,,,,,,,,,,,
,HUBEAL,1,Male,FALSE,FALSE,TRUE,,FALSE,FALSE,,,,,,,,,,,,,,,,,,,,,,,,,,,,,,,,,,,,,
,HUBEAL,2,Female,FALSE,TRUE,TRUE,,FALSE,FALSE,,,,,,,,,,,,,,,,,,,,,,,,,,,,,,,,,,,,,
,HUBEAL,3,Unisex,TRUE,FALSE,TRUE,Changing Places available,FALSE,FALSE,,,,,,,,,,,,,,,,,,,,,,,,,,,,,,,,,,,,,
,HUBELM,1,Male,FALSE,FALSE,FALSE,Located in National Rail station,FALSE,FALSE,,,,,,,,,,,,,,,,,,,,,,,,,,,,,,,,,,,,,
,HUBEUS,1,Male,FALSE,FALSE,FALSE,Located in National Rail station,FALSE,FALSE,,,,,,,,,,,,,,,,,,,,,,,,,,,,,,,,,,,,,
,HUBEUS,2,Female,FALSE,TRUE,FALSE,Located in National Rail station. Baby changing is standalone area,FALSE,FALSE,,,,,,,,,,,,,,,,,,,,,,,,,,,,,,,,,,,,,
,HUBEUS,3,Unisex,TRUE,FALSE,FALSE,Located in National Rail station,FALSE,FALSE,,,,,,,,,,,,,,,,,,,,,,,,,,,,,,,,,,,,,
,HUBH13,1,Male,FALSE,FALSE,FALSE,Located at street level,FALSE,FALSE,,,,,,,,,,,,,,,,,,,,,,,,,,,,,,,,,,,,,
,HUBH13,2,Female,FALSE,TRUE,FALSE,Located at street level. Baby changing is standalone area,FALSE,FALSE,,,,,,,,,,,,,,,,,,,,,,,,,,,,,,,,,,,,,
,HUBH13,3,Unisex,TRUE,FALSE,FALSE,Located at street level,FALSE,FALSE,,,,,,,,,,,,,,,,,,,,,,,,,,,,,,,,,,,,,
,HUBHOH,1,Male,FALSE,FALSE,FALSE,Located in ticket hall,FALSE,TRUE,,,,,,,,,,,,,,,,,,,,,,,,,,,,,,,,,,,,,
,HUBHOH,2,Female,FALSE,TRUE,FALSE,Located in ticket hall,FALSE,TRUE,,,,,,,,,,,,,,,,,,,,,,,,,,,,,,,,,,,,,
,HUBHX4,1,Male,FALSE,FALSE,FALSE,Located in airport,FALSE,FALSE,,,,,,,,,,,,,,,,,,,,,,,,,,,,,,,,,,,,,
,HUBHX4,2,Female,FALSE,FALSE,FALSE,Located in airport,FALSE,FALSE,,,,,,,,,,,,,,,,,,,,,,,,,,,,,,,,,,,,,
,HUBHX4,3,Unisex,TRUE,FALSE,FALSE,Located in airport,FALSE,FALSE,,,,,,,,,,,,,,,,,,,,,,,,,,,,,,,,,,,,,
,HUBHX5,1,Male,FALSE,FALSE,TRUE,Located on lower concourse,FALSE,FALSE,,,,,,,,,,,,,,,,,,,,,,,,,,,,,,,,,,,,,
,HUBHX5,2,Female,FALSE,TRUE,TRUE,Located on lower concourse,FALSE,FALSE,,,,,,,,,,,,,,,,,,,,,,,,,,,,,,,,,,,,,
,HUBHX5,3,Unisex,TRUE,FALSE,TRUE,Located on lower concourse,FALSE,FALSE,,,,,,,,,,,,,,,,,,,,,,,,,,,,,,,,,,,,,
,HUBKGX,1,Male,FALSE,TRUE,FALSE,Located in King's Cross National Rail station,FALSE,FALSE,,,,,,,,,,,,,,,,,,,,,,,,,,,,,,,,,,,,,
,HUBKGX,2,Female,FALSE,TRUE,FALSE,Located in King's Cross National Rail station,FALSE,FALSE,,,,,,,,,,,,,,,,,,,,,,,,,,,,,,,,,,,,,
,HUBKGX,3,Unisex,TRUE,TRUE,FALSE,Located in King's Cross National Rail station. Changing Places and standalone baby changing area available.,FALSE,FALSE,,,,,,,,,,,,,,,,,,,,,,,,,,,,,,,,,,,,,
,HUBKPA,1,Male,FALSE,FALSE,TRUE,,FALSE,TRUE,,,,,,,,,,,,,,,,,,,,,,,,,,,,,,,,,,,,,
,HUBKPA,2,Female,FALSE,TRUE,TRUE,,FALSE,TRUE,,,,,,,,,,,,,,,,,,,,,,,,,,,,,,,,,,,,,
,HUBKPA,3,Unisex,TRUE,FALSE,TRUE,,FALSE,TRUE,,,,,,,,,,,,,,,,,,,,,,,,,,,,,,,,,,,,,
,HUBKWG,1,Male,FALSE,FALSE,TRUE,Located in Eastbound ticket hall,FALSE,TRUE,,,,,,,,,,,,,,,,,,,,,,,,,,,,,,,,,,,,,
,HUBKWG,2,Female,FALSE,FALSE,TRUE,Located in Eastbound ticket hall,FALSE,TRUE,,,,,,,,,,,,,,,,,,,,,,,,,,,,,,,,,,,,,
,HUBLBG,1,Male,FALSE,TRUE,FALSE,Located in National Rail station,FALSE,FALSE,,,,,,,,,,,,,,,,,,,,,,,,,,,,,,,,,,,,,
,HUBLBG,2,Female,FALSE,TRUE,FALSE,Located in National Rail station,FALSE,FALSE,,,,,,,,,,,,,,,,,,,,,,,,,,,,,,,,,,,,,
,HUBLBG,3,Unisex,TRUE,TRUE,FALSE,Located in National Rail station,FALSE,FALSE,,,,,,,,,,,,,,,,,,,,,,,,,,,,,,,,,,,,,
,HUBLEW,1,Male,FALSE,FALSE,FALSE,Located in National Rail station,FALSE,FALSE,,,,,,,,,,,,,,,,,,,,,,,,,,,,,,,,,,,,,
,HUBLEW,2,Female,FALSE,FALSE,FALSE,Located in National Rail station,FALSE,FALSE,,,,,,,,,,,,,,,,,,,,,,,,,,,,,,,,,,,,,
,HUBLEW,3,Unisex,TRUE,FALSE,FALSE,Located in National Rail station,FALSE,FALSE,,,,,,,,,,,,,,,,,,,,,,,,,,,,,,,,,,,,,
,HUBLST,1,Male,FALSE,FALSE,FALSE,Located in National Rail station,FALSE,FALSE,,,,,,,,,,,,,,,,,,,,,,,,,,,,,,,,,,,,,
,HUBLST,2,Female,FALSE,FALSE,FALSE,Located in National Rail station,FALSE,FALSE,,,,,,,,,,,,,,,,,,,,,,,,,,,,,,,,,,,,,
,HUBLST,3,Unisex,TRUE,TRUE,FALSE,Located in National Rail station,FALSE,FALSE,,,,,,,,,,,,,,,,,,,,,,,,,,,,,,,,,,,,,
,HUBMJT,1,Unisex,TRUE,FALSE,FALSE,Located in National Rail station,FALSE,FALSE,,,,,,,,,,,,,,,,,,,,,,,,,,,,,,,,,,,,,
,HUBMYB,1,Male,FALSE,FALSE,FALSE,Located in National Rail station,FALSE,FALSE,,,,,,,,,,,,,,,,,,,,,,,,,,,,,,,,,,,,,
,HUBMYB,2,Female,FALSE,FALSE,FALSE,Located in National Rail station,FALSE,FALSE,,,,,,,,,,,,,,,,,,,,,,,,,,,,,,,,,,,,,
,HUBMYB,3,Unisex,TRUE,TRUE,FALSE,Located in National Rail station. Baby changing is standalone area,FALSE,FALSE,,,,,,,,,,,,,,,,,,,,,,,,,,,,,,,,,,,,,
,HUBNWD,1,Male,FALSE,FALSE,TRUE,,FALSE,TRUE,,,,,,,,,,,,,,,,,,,,,,,,,,,,,,,,,,,,,
,HUBNWD,2,Female,FALSE,TRUE,TRUE,,FALSE,TRUE,,,,,,,,,,,,,,,,,,,,,,,,,,,,,,,,,,,,,
,HUBNWD,3,Unisex,TRUE,FALSE,TRUE,,FALSE,TRUE,,,,,,,,,,,,,,,,,,,,,,,,,,,,,,,,,,,,,
,HUBNWX,1,Male,FALSE,FALSE,TRUE,Located on platform C,FALSE,FALSE,,,,,,,,,,,,,,,,,,,,,,,,,,,,,,,,,,,,,
,HUBNWX,2,Female,FALSE,FALSE,TRUE,Located on platform C,FALSE,FALSE,,,,,,,,,,,,,,,,,,,,,,,,,,,,,,,,,,,,,
,HUBNWX,3,Unisex,TRUE,FALSE,TRUE,Located on platform C,FALSE,FALSE,,,,,,,,,,,,,,,,,,,,,,,,,,,,,,,,,,,,,
,HUBPAD,1,Male,FALSE,FALSE,FALSE,Located in National Rail station,FALSE,FALSE,,,,,,,,,,,,,,,,,,,,,,,,,,,,,,,,,,,,,
,HUBPAD,2,Female,FALSE,TRUE,FALSE,Located in National Rail station,FALSE,FALSE,,,,,,,,,,,,,,,,,,,,,,,,,,,,,,,,,,,,,
,HUBPAD,3,Unisex,TRUE,FALSE,FALSE,Located in National Rail station. Baby changing is standalone area and Changing Places toilet available.,FALSE,FALSE,,,,,,,,,,,,,,,,,,,,,,,,,,,,,,,,,,,,,
,HUBRIC,1,Male,FALSE,FALSE,TRUE,Located on platform 2,FALSE,TRUE,,,,,,,,,,,,,,,,,,,,,,,,,,,,,,,,,,,,,
,HUBRIC,2,Female,FALSE,FALSE,TRUE,Located on platform 2,FALSE,TRUE,,,,,,,,,,,,,,,,,,,,,,,,,,,,,,,,,,,,,
,HUBRMD,1,Male,FALSE,FALSE,FALSE,Located on lower concourse,TRUE,FALSE,,,,,,,,,,,,,,,,,,,,,,,,,,,,,,,,,,,,,
,HUBRMD,2,Female,FALSE,FALSE,FALSE,Located on lower concourse,TRUE,FALSE,,,,,,,,,,,,,,,,,,,,,,,,,,,,,,,,,,,,,
,HUBRMD,3,Unisex,TRUE,TRUE,FALSE,Located on lower concourse,TRUE,FALSE,,,,,,,,,,,,,,,,,,,,,,,,,,,,,,,,,,,,,
,HUBSRA,1,Male,FALSE,FALSE,TRUE,"Located in Southern ticket hall, paid side",FALSE,TRUE,,,,,,,,,,,,,,,,,,,,,,,,,,,,,,,,,,,,,
,HUBSRA,2,Female,FALSE,FALSE,TRUE,"Located in Southern ticket hall, paid side",FALSE,TRUE,,,,,,,,,,,,,,,,,,,,,,,,,,,,,,,,,,,,,
,HUBSRA,3,Unisex,TRUE,TRUE,TRUE,"Located in Southern ticket hall, paid side. Baby changing standalone area",FALSE,TRUE,,,,,,,,,,,,,,,,,,,,,,,,,,,,,,,,,,,,,
,HUBSRA,4,Unisex,TRUE,FALSE,TRUE,Adjacent to DLR platform 16.,FALSE,TRUE,,,,,,,,,,,,,,,,,,,,,,,,,,,,,,,,,,,,,
,HUBSRU,1,Unisex,TRUE,FALSE,TRUE,Located in ticket hall,FALSE,TRUE,,,,,,,,,,,,,,,,,,,,,,,,,,,,,,,,,,,,,
,HUBSVS,1,Male,FALSE,FALSE,TRUE,Located on National Rail platform 2,FALSE,TRUE,,,,,,,,,,,,,,,,,,,,,,,,,,,,,,,,,,,,,
,HUBSVS,2,Female,FALSE,FALSE,TRUE,Located on National Rail platform 2,FALSE,TRUE,,,,,,,,,,,,,,,,,,,,,,,,,,,,,,,,,,,,,
,HUBSVS,3,Unisex,TRUE,TRUE,TRUE,,FALSE,TRUE,,,,,,,,,,,,,,,,,,,,,,,,,,,,,,,,,,,,,
,HUBTCR,1,Unisex,TRUE,FALSE,FALSE,Located in ticket hall,FALSE,TRUE,,,,,,,,,,,,,,,,,,,,,,,,,,,,,,,,,,,,,
,HUBTOM,1,Male,FALSE,FALSE,FALSE,Located on platform 2,FALSE,FALSE,,,,,,,,,,,,,,,,,,,,,,,,,,,,,,,,,,,,,
,HUBTOM,2,Female,FALSE,FALSE,FALSE,Located on platform 2,FALSE,FALSE,,,,,,,,,,,,,,,,,,,,,,,,,,,,,,,,,,,,,
,HUBTOM,3,Unisex,TRUE,FALSE,FALSE,,TRUE,TRUE,,,,,,,,,,,,,,,,,,,,,,,,,,,,,,,,,,,,,
,HUBUPM,1,Male,FALSE,FALSE,TRUE,Located on platform 1,FALSE,FALSE,,,,,,,,,,,,,,,,,,,,,,,,,,,,,,,,,,,,,
,HUBUPM,2,Female,FALSE,FALSE,TRUE,Located on platform 1,FALSE,FALSE,,,,,,,,,,,,,,,,,,,,,,,,,,,,,,,,,,,,,
,HUBUPM,3,Unisex,TRUE,FALSE,TRUE,Located on platform 1,FALSE,FALSE,,,,,,,,,,,,,,,,,,,,,,,,,,,,,,,,,,,,,
,HUBVIC,1,Male,FALSE,FALSE,TRUE,Located in National Rail station,FALSE,FALSE,,,,,,,,,,,,,,,,,,,,,,,,,,,,,,,,,,,,,
,HUBVIC,2,Female,FALSE,FALSE,TRUE,Located in National Rail station,FALSE,FALSE,,,,,,,,,,,,,,,,,,,,,,,,,,,,,,,,,,,,,
,HUBVIC,3,Unisex,TRUE,FALSE,TRUE,Located in National Rail station,FALSE,FALSE,,,,,,,,,,,,,,,,,,,,,,,,,,,,,,,,,,,,,
,HUBVIC,4,Male,FALSE,TRUE,TRUE,Located in North ticket hall,FALSE,FALSE,,,,,,,,,,,,,,,,,,,,,,,,,,,,,,,,,,,,,
,HUBVIC,5,Female,FALSE,TRUE,TRUE,Located in North ticket hall,FALSE,FALSE,,,,,,,,,,,,,,,,,,,,,,,,,,,,,,,,,,,,,
,HUBVIC,6,Unisex,TRUE,FALSE,TRUE,Located in North ticket hall,FALSE,FALSE,,,,,,,,,,,,,,,,,,,,,,,,,,,,,,,,,,,,,
,HUBVXH,1,Male,FALSE,FALSE,FALSE,Located in bus station,FALSE,TRUE,,,,,,,,,,,,,,,,,,,,,,,,,,,,,,,,,,,,,
,HUBVXH,2,Female,FALSE,FALSE,FALSE,Located in bus station,FALSE,TRUE,,,,,,,,,,,,,,,,,,,,,,,,,,,,,,,,,,,,,
,HUBWAT,1,Male,FALSE,FALSE,FALSE,Located in National Rail station,FALSE,FALSE,,,,,,,,,,,,,,,,,,,,,,,,,,,,,,,,,,,,,
,HUBWAT,2,Female,FALSE,TRUE,FALSE,Located in National Rail station,FALSE,FALSE,,,,,,,,,,,,,,,,,,,,,,,,,,,,,,,,,,,,,
,HUBWAT,3,Unisex,TRUE,FALSE,FALSE,Located in National Rail station,FALSE,FALSE,,,,,,,,,,,,,,,,,,,,,,,,,,,,,,,,,,,,,
,HUBWFJ,1,Male,FALSE,FALSE,TRUE,Located in waiting area on platform 6,FALSE,FALSE,,,,,,,,,,,,,,,,,,,,,,,,,,,,,,,,,,,,,
,HUBWFJ,3,Female,FALSE,TRUE,TRUE,Located in waiting area on platform 6,FALSE,FALSE,,,,,,,,,,,,,,,,,,,,,,,,,,,,,,,,,,,,,
,HUBWFJ,4,Unisex,TRUE,FALSE,FALSE,Located in ticket hall,FALSE,FALSE,,,,,,,,,,,,,,,,,,,,,,,,,,,,,,,,,,,,,
,HUBWIJ,1,Male,FALSE,FALSE,TRUE,Located on platform 3,FALSE,TRUE,,,,,,,,,,,,,,,,,,,,,,,,,,,,,,,,,,,,,
,HUBWIJ,2,Female,FALSE,TRUE,TRUE,Located on platform 3,FALSE,TRUE,,,,,,,,,,,,,,,,,,,,,,,,,,,,,,,,,,,,,
,HUBWIJ,3,Unisex,TRUE,FALSE,TRUE,Located on platform 3,FALSE,TRUE,,,,,,,,,,,,,,,,,,,,,,,,,,,,,,,,,,,,,
,HUBWIM,1,Male,FALSE,FALSE,TRUE,Located in National Rail station,FALSE,FALSE,,,,,,,,,,,,,,,,,,,,,,,,,,,,,,,,,,,,,
,HUBWIM,2,Female,FALSE,FALSE,TRUE,Located in National Rail station,FALSE,FALSE,,,,,,,,,,,,,,,,,,,,,,,,,,,,,,,,,,,,,
,HUBWIM,3,Unisex,TRUE,TRUE,TRUE,Located in National Rail station,FALSE,FALSE,,,,,,,,,,,,,,,,,,,,,,,,,,,,,,,,,,,,,
,HUBWMB,1,Male,FALSE,FALSE,TRUE,Located in ticket hall,FALSE,TRUE,,,,,,,,,,,,,,,,,,,,,,,,,,,,,,,,,,,,,
,HUBWMB,2,Female,FALSE,FALSE,TRUE,Located in ticket hall,FALSE,TRUE,,,,,,,,,,,,,,,,,,,,,,,,,,,,,,,,,,,,,
,HUBWMB,3,Unisex,TRUE,FALSE,TRUE,Located in ticket hall,FALSE,TRUE,,,,,,,,,,,,,,,,,,,,,,,,,,,,,,,,,,,,,
,HUBWRU,1,Male,FALSE,FALSE,FALSE,Located in ticket hall,FALSE,TRUE,,,,,,,,,,,,,,,,,,,,,,,,,,,,,,,,,,,,,
,HUBWRU,2,Female ,FALSE,FALSE,FALSE,Located in ticket hall,FALSE,TRUE,,,,,,,,,,,,,,,,,,,,,,,,,,,,,,,,,,,,,
,HUBWSM,1,Male,FALSE,FALSE,FALSE,Located in public subway,TRUE,FALSE,,,,,,,,,,,,,,,,,,,,,,,,,,,,,,,,,,,,,
,HUBWSM,2,Female,FALSE,FALSE,FALSE,Located in public subway,TRUE,FALSE,,,,,,,,,,,,,,,,,,,,,,,,,,,,,,,,,,,,,
,HUBZFD,1,Unisex,TRUE,TRUE,TRUE,Located on National Rail platform 4,FALSE,TRUE,,,,,,,,,,,,,,,,,,,,,,,,,,,,,,,,,,,,,
,HUBZFD,2,Male,FALSE,FALSE,TRUE,Located on National Rail platform 4,FALSE,TRUE,,,,,,,,,,,,,,,,,,,,,,,,,,,,,,,,,,,,,
,HUBZFD,3,Female,FALSE,FALSE,TRUE,Located on National Rail platform 4,FALSE,TRUE,,,,,,,,,,,,,,,,,,,,,,,,,,,,,,,,,,,,,
,HUBZFD,4,Unisex,TRUE,FALSE,TRUE,Located in Cowcross Street ticket hall,FALSE,TRUE,,,,,,,,,,,,,,,,,,,,,,,,,,,,,,,,,,,,,
,HUBZWL,1,Unisex,TRUE,TRUE,TRUE,,FALSE,TRUE,,,,,,,,,,,,,,,,,,,,,,,,,,,,,,,,,,,,,
,940GZZNEUGST,1,Unisex,TRUE,TRUE,TRUE,Located in ticket hall,FALSE,TRUE,,,,,,,,,,,,,,,,,,,,,,,,,,,,,,,,,,,,,
,940GZZBPSUST,1,Unisex,TRUE,TRUE,TRUE,Located in ticket hall,FALSE,TRUE,,,,,,,,,,,,,,,,,,,,,,,,,,,,,,,,,,,,,
,910GBARKRIV,1,Unisex,TRUE,TRUE,TRUE,,FALSE,TRUE,,,,,,,,,,,,,,,,,,,,,,,,,,,,,,,,,,,,,
,910GCLAPTON,1,Unisex,TRUE,TRUE,TRUE,,FALSE,TRUE,,,,,,,,,,,,,,,,,,,,,,,,,,,,,,,,,,,,,
,940GZZLUMDN,1,Unisex,TRUE,TRUE,TRUE,,FALSE,TRUE,,,,,,,,,,,,,,,,,,,,,,,,,,,,,,,,,,,,,
,940GZZLUMDN,2,Unisex,FALSE,TRUE,TRUE,,FALSE,TRUE,,,,,,,,,,,,,,,,,,,,,,,,,,,,,,,,,,,,,
,940GZZALGWP,1,Male,FALSE,FALSE,TRUE,,FALSE,TRUE,,,,,,,,,,,,,,,,,,,,,,,,,,,,,,,,,,,,,
,940GZZALGWP,2,Female,FALSE,FALSE,TRUE,,FALSE,TRUE,,,,,,,,,,,,,,,,,,,,,,,,,,,,,,,,,,,,,
,940GZZALGWP,3,Unisex,TRUE,TRUE,FALSE,,FALSE,TRUE,,,,,,,,,,,,,,,,,,,,,,,,,,,,,,,,,,,,,
,940GZZLUGPK,1,Male,FALSE,FALSE,FALSE,,TRUE,FALSE,,,,,,,,,,,,,,,,,,,,,,,,,,,,,,,,,,,,,
,940GZZLUGPK,2,Female,FALSE,FALSE,FALSE,,TRUE,FALSE,,,,,,,,,,,,,,,,,,,,,,,,,,,,,,,,,,,,,
